claim_id,claim_text,claim_type,scope,origin_phase,primary_sources,supporting_evidence,contradicting_evidence,current_status,strongest_alternative
CLM-001,有限静态投影不能成为开放任务中主体未来行动空间的完备定义,IMPOSSIBILITY,开放任务与变化环境,EARLY_PROTOCOL,SRC-PROBLEM-DEFINITION|SRC-ROUND2-PAPER-I,EVD-ROUND2-CONSTITUTION|EVD-R52-CAPABILITY,,STABLE,强模型加高频更新的中心画像在部分任务可能足够
CLM-002,NAC 是跨模型发现的普遍必要接口,ARCHITECTURE,跨模型发现,EARLY_PROTOCOL,SRC-PROTOCOL-DESIGN|SRC-NAC-SPEC,EVD-NAC-DESIGN,,DOWNGRADED,自然语言加任务查询或现有 Agent Card 可能以更低成本达到相同结果
CLM-003,开放协调中角色动作约束和证据规则本身可能需要在互动中形成,THEORY,非标准关系,ROUND2,SRC-ROUND2-PAPER-I|SRC-ROUND2-PAPER-II,EVD-ROUND2-CONSTITUTION|EVD-R54-NEGATIVE,,SCOPED,多数 OPC 事项可能已被平台或强中心 Agent 的既有语法覆盖
CLM-004,候选关系不推出主体承诺,SEMANTIC,所有有现实义务的任务,EARLY_LEDGER,SRC-TYPED-LEDGER|SRC-R52-PATCH,EVD-R5-LOCAL|EVD-R52-EFFECT,,STABLE,无
CLM-005,当前不可行不推出改变工具伙伴权限或任务结构后仍不可行,THEORY,可构造的低对抗任务,ROUND2,SRC-ROUND2-PAPER-I|SRC-R52-CAPABILITY,EVD-R52-CAPABILITY|EVD-R5C-FORMATION,EVD-R54-NEGATIVE,SCOPED,很多失败只是既有路径发现不足或规范澄清而非新能力
CLM-006,更多 Agent 对话本身能形成新现实能力,CAUSAL,跨主体形成,R54,SRC-R54-CORE|SRC-R54-CAUSALITY,,EVD-R54-NEGATIVE,REFUTED,对话能细化条件但形成需要现实 probe 权限资源或目标 readback
CLM-007,环境索引的 Capability Claim 比静态安装标签更能预测执行,EMPIRICAL,当前 Harness 任务族,R52,SRC-R52-CAPABILITY,EVD-R52-CAPABILITY,,SCOPED,在稳定标准任务中静态标签可能足够且维护成本更低
CLM-008,干预后的成功不能证明干预前已有前瞻能力,SEMANTIC,能力形成与 holdout,R52,SRC-R52-CAPABILITY,EVD-R52-CAPABILITY,,STABLE,无
CLM-009,模型置信度和执行能力不产生主体权威,NORMATIVE,有责任与现实副作用的任务,AUTHORITY_REBUILD,SRC-R52-PATCH|SRC-V07-OPC,EVD-R5-LOCAL|EVD-R52-EFFECT,,STABLE,主体可选择广泛委托但仍需可追溯授权
CLM-010,ActionAttempt 不等于目标世界 Effect,EMPIRICAL,Harness 与外部副作用系统,R52,SRC-R52-EFFECT,EVD-R52-EFFECT,,STABLE,在事务型单系统 API 中平台可把二者安全折叠
CLM-011,Effect Adoption Acceptance 不能一般性合并,SEMANTIC,跨系统和跨责任根,R52_R5C,SRC-R52-EFFECT|SRC-R5C-HUMAN,EVD-R52-EFFECT|EVD-R5C-FORMATION,,STABLE,在单权威低风险系统可由一个事务接口实现但语义仍可重建
CLM-012,producer 完成不能单方面建立 target adoption,EMPIRICAL,跨技术权威域,R5C,SRC-R5C-ABLATION|SRC-R5C-SUMMARY,EVD-R5C-FORMATION,,STABLE,若 producer 与 target 处于同一权威事务域可安全合并
CLM-013,R5C 形成了一条此前不可运行的技术 adoption-revoke-recovery 路径,EMPIRICAL,两个技术权威域与本地 adapter,R5C,SRC-R5C-SUMMARY|SRC-R5C-FORMATION|SRC-R5C-ABLATION,EVD-R5C-FORMATION,EVD-R5C-HUMAN-LIMIT,SCOPED,它可能只是优秀中心工程师也能形成的系统修复而非结构不可折叠的 A2A
CLM-014,联邦或 A2A 架构一般优于中心 Agent,ARCHITECTURE,所有协调任务,R54_R5C,SRC-R54-NET|SRC-R5C-ABLATION,,EVD-R54-NEGATIVE|EVD-R5C-FORMATION,REFUTED,权威感知中心部署可能先获得大部分语义价值
CLM-015,A2A 的必要性主要由权威拓扑而不是网络拓扑决定,ARCHITECTURE,不可代行权威任务,R5C_TO_V11,SRC-R54-NET|SRC-R5C-ABLATION|SRC-V11-MONOGRAPH,EVD-R5C-FORMATION|EVD-V11-IMPLEMENTATION,,HYPOTHESIS,强中心 Agent 加 human-in-the-loop 可能保留相同权利和信息边界
CLM-016,开放形成与确定性编译应作为同一系统的两种局部制度,ARCHITECTURE,重复关系与环境漂移,R5C_TO_V11,SRC-R5C-METHOD|SRC-R5C-SUMMARY|SRC-V11-MONOGRAPH,EVD-R5C-FORMATION|EVD-V11-IMPLEMENTATION,,SCOPED,持续适应或平台流程可能在真实成本下更简单
CLM-017,依赖闭包 scoped reopen 在现实中比全局重开有正净值,EMPIRICAL,重复关系漂移,V11,SRC-V11-MONOGRAPH,EVD-V11-IMPLEMENTATION,,OPEN,依赖图维护与漏开成本可能吞掉节省
CLM-018,六个 canonical roots 足以承载当前关系运行时的正式事实,ARCHITECTURE,关系运行时,V04,SRC-V04-ONTOLOGY,EVD-V04-ONTOLOGY,EVD-HARNESS-DESIGN,OPEN,六 roots 只覆盖运行关系而不能替代 Problem Design Engineering IR 和本地形成机制
CLM-019,真实 OPC 能理解修订并维护显式 Mandate,PRODUCT,低对抗 OPC,V11,SRC-V11-MONOGRAPH,EVD-V11-IMPLEMENTATION,,OPEN,系统应隐式推断并只在高风险 Effect Gate 做渐进确认
CLM-020,Router 能从未经编码的现实材料自动判断机制组合,PRODUCT,OPC 与跨组织协调,V07_V11,SRC-V07-OPC|SRC-V11-MONOGRAPH,EVD-OPCBENCH-CI,,OPEN,Router 只能作为人类 checklist 或高召回风险扫描器
CLM-021,OPC 是理论的适用边界,SCOPE,主体规模,V07,SRC-V07-OPC,EVD-OPC-ARCHIVAL,,REFUTED,OPC 是权威集中制度薄注意力稀缺低对抗的参数极点
CLM-022,通爻相对强中心 Agent 平台和优秀人类经纪具有现实正净值,PRODUCT,真实 OPC 与跨主体任务,V11,SRC-V11-MONOGRAPH,,,OPEN,语义内核可能有价值但联邦拓扑或完整形成流程没有净增量
