instance,method,feasible,cost_ratio,disclosed_modes,rounds
0,public_profile_search,False,,24,1
0,random_20pct_disclosure,True,1.714063278954626,34,1
0,price_guided_oracle,True,1.0000000000000002,60,4
0,full_private_disclosure,True,1.0,77,1
1,public_profile_search,False,,24,1
1,random_20pct_disclosure,True,1.805823596388248,34,1
1,price_guided_oracle,True,1.0,59,4
1,full_private_disclosure,True,1.0,74,1
2,public_profile_search,False,,24,1
2,random_20pct_disclosure,True,1.7258765228344792,34,1
2,price_guided_oracle,True,1.0,52,3
2,full_private_disclosure,True,1.0,76,1
3,public_profile_search,False,,24,1
3,random_20pct_disclosure,True,1.7491462775241422,33,1
3,price_guided_oracle,True,1.0,53,4
3,full_private_disclosure,True,1.0,72,1
4,public_profile_search,False,,24,1
4,random_20pct_disclosure,True,1.6437844718731878,33,1
4,price_guided_oracle,True,1.0,48,3
4,full_private_disclosure,True,1.0,73,1
5,public_profile_search,False,,24,1
5,random_20pct_disclosure,True,2.057658797814829,35,1
5,price_guided_oracle,True,1.0,56,4
5,full_private_disclosure,True,1.0,80,1
6,public_profile_search,False,,24,1
6,random_20pct_disclosure,True,2.048843001709258,34,1
6,price_guided_oracle,True,1.0,55,4
6,full_private_disclosure,True,1.0,76,1
7,public_profile_search,False,,24,1
7,random_20pct_disclosure,True,1.7608746424988813,35,1
7,price_guided_oracle,True,1.0,55,4
7,full_private_disclosure,True,1.0,79,1
8,public_profile_search,False,,24,1
8,random_20pct_disclosure,True,1.574193868021722,34,1
8,price_guided_oracle,True,1.014488962438724,53,3
8,full_private_disclosure,True,1.0,76,1
9,public_profile_search,False,,24,1
9,random_20pct_disclosure,False,,33,1
9,price_guided_oracle,True,1.0,44,3
9,full_private_disclosure,True,1.0,72,1
10,public_profile_search,False,,24,1
10,random_20pct_disclosure,True,1.9587394525753383,36,1
10,price_guided_oracle,True,1.0,57,4
10,full_private_disclosure,True,1.0,85,1
11,public_profile_search,False,,24,1
11,random_20pct_disclosure,True,1.6832118147762387,32,1
11,price_guided_oracle,True,1.0,54,3
11,full_private_disclosure,True,1.0,66,1
12,public_profile_search,False,,24,1
12,random_20pct_disclosure,True,1.9249112950079112,33,1
12,price_guided_oracle,True,1.0,50,4
12,full_private_disclosure,True,1.0,72,1
13,public_profile_search,False,,24,1
13,random_20pct_disclosure,True,1.5504603348786212,35,1
13,price_guided_oracle,True,1.0,52,3
13,full_private_disclosure,True,1.0,80,1
14,public_profile_search,False,,24,1
14,random_20pct_disclosure,True,2.1604491110755357,33,1
14,price_guided_oracle,True,0.9999999999999999,52,4
14,full_private_disclosure,True,1.0,69,1
15,public_profile_search,False,,24,1
15,random_20pct_disclosure,True,1.664138661903993,33,1
15,price_guided_oracle,True,1.0,48,3
15,full_private_disclosure,True,1.0,69,1
16,public_profile_search,False,,24,1
16,random_20pct_disclosure,True,1.9022376670993884,33,1
16,price_guided_oracle,True,1.0,55,4
16,full_private_disclosure,True,1.0,72,1
17,public_profile_search,False,,24,1
17,random_20pct_disclosure,True,1.6247950523496202,35,1
17,price_guided_oracle,True,1.0,54,5
17,full_private_disclosure,True,1.0,82,1
18,public_profile_search,False,,24,1
18,random_20pct_disclosure,True,1.7459873355410107,35,1
18,price_guided_oracle,True,1.0,58,4
18,full_private_disclosure,True,1.0,79,1
19,public_profile_search,False,,24,1
19,random_20pct_disclosure,True,1.961183724504489,33,1
19,price_guided_oracle,True,1.0000000000000002,59,4
19,full_private_disclosure,True,1.0,71,1
20,public_profile_search,False,,24,1
20,random_20pct_disclosure,True,1.2061232688693786,35,1
20,price_guided_oracle,True,1.0,52,3
20,full_private_disclosure,True,1.0,80,1
21,public_profile_search,False,,24,1
21,random_20pct_disclosure,True,1.666932821685806,35,1
21,price_guided_oracle,True,0.9999999999999999,52,4
21,full_private_disclosure,True,1.0,82,1
22,public_profile_search,False,,24,1
22,random_20pct_disclosure,True,1.627248752358964,34,1
22,price_guided_oracle,True,0.9999999999999999,47,3
22,full_private_disclosure,True,1.0,75,1
23,public_profile_search,True,2.117397360207702,24,1
23,random_20pct_disclosure,True,1.3284670542722672,35,1
23,price_guided_oracle,True,1.0000000000000002,57,4
23,full_private_disclosure,True,1.0,82,1
24,public_profile_search,False,,24,1
24,random_20pct_disclosure,True,2.5065683084067403,33,1
24,price_guided_oracle,True,1.0,53,3
24,full_private_disclosure,True,1.0,73,1
25,public_profile_search,False,,24,1
25,random_20pct_disclosure,False,,35,1
25,price_guided_oracle,True,0.9999999999999999,57,3
25,full_private_disclosure,True,1.0,82,1
26,public_profile_search,False,,24,1
26,random_20pct_disclosure,True,1.5842390994178104,34,1
26,price_guided_oracle,True,0.9999999999999994,59,4
26,full_private_disclosure,True,1.0,74,1
27,public_profile_search,False,,24,1
27,random_20pct_disclosure,True,1.7128630606572663,34,1
27,price_guided_oracle,True,1.0,49,3
27,full_private_disclosure,True,1.0,77,1
28,public_profile_search,False,,24,1
28,random_20pct_disclosure,False,,34,1
28,price_guided_oracle,True,1.0,50,3
28,full_private_disclosure,True,1.0,75,1
29,public_profile_search,False,,24,1
29,random_20pct_disclosure,True,1.6133729668174595,35,1
29,price_guided_oracle,True,1.0,58,3
29,full_private_disclosure,True,1.0,79,1
30,public_profile_search,False,,24,1
30,random_20pct_disclosure,True,1.4588298047524138,34,1
30,price_guided_oracle,True,1.0,54,3
30,full_private_disclosure,True,1.0,78,1
31,public_profile_search,False,,24,1
31,random_20pct_disclosure,True,1.3600154566281952,35,1
31,price_guided_oracle,True,0.9999999999999999,55,4
31,full_private_disclosure,True,1.0,79,1
32,public_profile_search,False,,24,1
32,random_20pct_disclosure,True,1.109068559696048,32,1
32,price_guided_oracle,True,1.0000000000000002,47,3
32,full_private_disclosure,True,1.0,67,1
33,public_profile_search,False,,24,1
33,random_20pct_disclosure,True,1.4837785163088848,36,1
33,price_guided_oracle,True,1.0,54,4
33,full_private_disclosure,True,1.0,84,1
34,public_profile_search,False,,24,1
34,random_20pct_disclosure,True,1.8881722339464315,34,1
34,price_guided_oracle,True,1.0,49,3
34,full_private_disclosure,True,1.0,77,1
35,public_profile_search,False,,24,1
35,random_20pct_disclosure,True,1.6281497955459152,33,1
35,price_guided_oracle,True,1.0,54,4
35,full_private_disclosure,True,1.0,73,1
36,public_profile_search,False,,24,1
36,random_20pct_disclosure,True,2.5161889096134433,34,1
36,price_guided_oracle,True,1.0,49,3
36,full_private_disclosure,True,1.0,76,1
37,public_profile_search,True,3.0155697419548098,24,1
37,random_20pct_disclosure,True,1.9530076565552044,34,1
37,price_guided_oracle,True,1.0000000000000002,57,4
37,full_private_disclosure,True,1.0,78,1
38,public_profile_search,False,,24,1
38,random_20pct_disclosure,True,1.6559304291680566,35,1
38,price_guided_oracle,True,1.0,53,4
38,full_private_disclosure,True,1.0,82,1
39,public_profile_search,False,,24,1
39,random_20pct_disclosure,True,1.644745593970182,33,1
39,price_guided_oracle,True,1.0,51,4
39,full_private_disclosure,True,1.0,72,1
40,public_profile_search,False,,24,1
40,random_20pct_disclosure,True,2.177529822222624,35,1
40,price_guided_oracle,True,1.0,53,4
40,full_private_disclosure,True,1.0,81,1
41,public_profile_search,False,,24,1
41,random_20pct_disclosure,True,2.0255549470594545,33,1
41,price_guided_oracle,True,1.0000000000000002,56,4
41,full_private_disclosure,True,1.0,73,1
42,public_profile_search,False,,24,1
42,random_20pct_disclosure,True,1.4082697339380328,35,1
42,price_guided_oracle,True,1.0,58,5
42,full_private_disclosure,True,1.0,79,1
43,public_profile_search,False,,24,1
43,random_20pct_disclosure,True,1.936365456277326,33,1
43,price_guided_oracle,True,1.0,53,4
43,full_private_disclosure,True,1.0,72,1
44,public_profile_search,False,,24,1
44,random_20pct_disclosure,True,2.768410723248691,35,1
44,price_guided_oracle,True,1.0,51,4
44,full_private_disclosure,True,1.0,80,1
45,public_profile_search,False,,24,1
45,random_20pct_disclosure,True,1.614397273273015,33,1
45,price_guided_oracle,True,1.0,54,4
45,full_private_disclosure,True,1.0,71,1
46,public_profile_search,False,,24,1
46,random_20pct_disclosure,True,1.7897525877845684,34,1
46,price_guided_oracle,True,1.0,51,4
46,full_private_disclosure,True,1.0,74,1
47,public_profile_search,False,,24,1
47,random_20pct_disclosure,True,1.3233058608283415,33,1
47,price_guided_oracle,True,1.0000000000000002,55,4
47,full_private_disclosure,True,1.0,73,1
48,public_profile_search,False,,24,1
48,random_20pct_disclosure,True,2.222960567552199,33,1
48,price_guided_oracle,True,1.0,53,4
48,full_private_disclosure,True,1.0,73,1
49,public_profile_search,False,,24,1
49,random_20pct_disclosure,True,2.268783572873635,34,1
49,price_guided_oracle,True,1.0,51,4
49,full_private_disclosure,True,1.0,74,1
50,public_profile_search,False,,24,1
50,random_20pct_disclosure,True,1.9472691385500238,35,1
50,price_guided_oracle,True,1.0,55,4
50,full_private_disclosure,True,1.0,81,1
51,public_profile_search,False,,24,1
51,random_20pct_disclosure,False,,34,1
51,price_guided_oracle,True,1.0,51,3
51,full_private_disclosure,True,1.0,78,1
52,public_profile_search,False,,24,1
52,random_20pct_disclosure,True,1.477354097810922,35,1
52,price_guided_oracle,True,1.0,55,4
52,full_private_disclosure,True,1.0,82,1
53,public_profile_search,False,,24,1
53,random_20pct_disclosure,True,1.3466392751678058,35,1
53,price_guided_oracle,True,0.9999999999999997,60,3
53,full_private_disclosure,True,1.0,79,1
54,public_profile_search,False,,24,1
54,random_20pct_disclosure,True,2.2997895323716313,35,1
54,price_guided_oracle,True,1.0000000000000002,54,4
54,full_private_disclosure,True,1.0,79,1
55,public_profile_search,False,,24,1
55,random_20pct_disclosure,True,1.8437774801645506,34,1
55,price_guided_oracle,True,1.0,51,4
55,full_private_disclosure,True,1.0,76,1
56,public_profile_search,False,,24,1
56,random_20pct_disclosure,True,2.066476291597085,34,1
56,price_guided_oracle,True,0.9999999999999997,56,5
56,full_private_disclosure,True,1.0,77,1
57,public_profile_search,False,,24,1
57,random_20pct_disclosure,True,1.8986473293863981,35,1
57,price_guided_oracle,True,1.0,52,3
57,full_private_disclosure,True,1.0,80,1
58,public_profile_search,False,,24,1
58,random_20pct_disclosure,True,1.7047666389665532,35,1
58,price_guided_oracle,True,0.9999999999999997,50,3
58,full_private_disclosure,True,1.0,81,1
59,public_profile_search,False,,24,1
59,random_20pct_disclosure,True,1.6298670542178668,36,1
59,price_guided_oracle,True,1.0,54,4
59,full_private_disclosure,True,1.0,85,1
60,public_profile_search,False,,24,1
60,random_20pct_disclosure,True,2.6173318149951625,34,1
60,price_guided_oracle,True,0.9999999999999999,55,4
60,full_private_disclosure,True,1.0,77,1
61,public_profile_search,False,,24,1
61,random_20pct_disclosure,True,1.3796470065885065,35,1
61,price_guided_oracle,True,0.9999999999999998,54,3
61,full_private_disclosure,True,1.0,81,1
62,public_profile_search,False,,24,1
62,random_20pct_disclosure,False,,33,1
62,price_guided_oracle,True,1.0,54,4
62,full_private_disclosure,True,1.0,70,1
63,public_profile_search,True,2.497271066650982,24,1
63,random_20pct_disclosure,True,1.2515174991106932,34,1
63,price_guided_oracle,True,1.0,45,4
63,full_private_disclosure,True,1.0,78,1
64,public_profile_search,False,,24,1
64,random_20pct_disclosure,True,1.4821426273185079,33,1
64,price_guided_oracle,True,1.0,54,4
64,full_private_disclosure,True,1.0,73,1
65,public_profile_search,False,,24,1
65,random_20pct_disclosure,True,1.5648119554739677,35,1
65,price_guided_oracle,True,1.009899276181943,54,3
65,full_private_disclosure,True,1.0,80,1
66,public_profile_search,False,,24,1
66,random_20pct_disclosure,True,1.384900597412029,33,1
66,price_guided_oracle,True,1.0,49,4
66,full_private_disclosure,True,1.0,70,1
67,public_profile_search,False,,24,1
67,random_20pct_disclosure,True,1.9054705234316658,34,1
67,price_guided_oracle,True,1.0,49,3
67,full_private_disclosure,True,1.0,74,1
68,public_profile_search,False,,24,1
68,random_20pct_disclosure,True,2.2160085196710204,35,1
68,price_guided_oracle,True,1.0,58,4
68,full_private_disclosure,True,1.0,83,1
69,public_profile_search,False,,24,1
69,random_20pct_disclosure,True,1.910963610606871,33,1
69,price_guided_oracle,True,1.0,53,4
69,full_private_disclosure,True,1.0,73,1
70,public_profile_search,False,,24,1
70,random_20pct_disclosure,True,2.011905547900424,34,1
70,price_guided_oracle,True,1.0,52,4
70,full_private_disclosure,True,1.0,75,1
71,public_profile_search,False,,24,1
71,random_20pct_disclosure,True,1.4766071670402348,33,1
71,price_guided_oracle,True,1.0197072272263674,51,4
71,full_private_disclosure,True,1.0,73,1
72,public_profile_search,False,,24,1
72,random_20pct_disclosure,True,1.792887626268612,33,1
72,price_guided_oracle,True,1.0,49,3
72,full_private_disclosure,True,1.0,71,1
73,public_profile_search,False,,24,1
73,random_20pct_disclosure,True,1.2835487349734167,33,1
73,price_guided_oracle,True,1.0,56,4
73,full_private_disclosure,True,1.0,69,1
74,public_profile_search,False,,24,1
74,random_20pct_disclosure,True,2.128302151047035,32,1
74,price_guided_oracle,True,1.0,52,5
74,full_private_disclosure,True,1.0,68,1
75,public_profile_search,False,,24,1
75,random_20pct_disclosure,True,1.179102451501019,33,1
75,price_guided_oracle,True,1.0,49,3
75,full_private_disclosure,True,1.0,69,1
76,public_profile_search,False,,24,1
76,random_20pct_disclosure,True,1.72276958590114,34,1
76,price_guided_oracle,True,1.0,50,4
76,full_private_disclosure,True,1.0,78,1
77,public_profile_search,False,,24,1
77,random_20pct_disclosure,True,1.7231648922751277,33,1
77,price_guided_oracle,True,1.0,51,4
77,full_private_disclosure,True,1.0,72,1
78,public_profile_search,False,,24,1
78,random_20pct_disclosure,True,2.932106171635847,35,1
78,price_guided_oracle,True,1.0,57,5
78,full_private_disclosure,True,1.0,83,1
79,public_profile_search,False,,24,1
79,random_20pct_disclosure,True,1.7787160931022241,34,1
79,price_guided_oracle,True,1.0,53,4
79,full_private_disclosure,True,1.0,77,1
80,public_profile_search,False,,24,1
80,random_20pct_disclosure,False,,34,1
80,price_guided_oracle,True,1.0,53,5
80,full_private_disclosure,True,1.0,75,1
81,public_profile_search,False,,24,1
81,random_20pct_disclosure,False,,33,1
81,price_guided_oracle,True,1.0,56,4
81,full_private_disclosure,True,1.0,72,1
82,public_profile_search,False,,24,1
82,random_20pct_disclosure,True,2.4960473202347844,33,1
82,price_guided_oracle,True,1.0000000000000002,58,3
82,full_private_disclosure,True,1.0,73,1
83,public_profile_search,False,,24,1
83,random_20pct_disclosure,True,1.7951715046155106,33,1
83,price_guided_oracle,True,1.0,49,3
83,full_private_disclosure,True,1.0,72,1
84,public_profile_search,False,,24,1
84,random_20pct_disclosure,True,1.8630787540682412,33,1
84,price_guided_oracle,True,1.0,52,4
84,full_private_disclosure,True,1.0,70,1
85,public_profile_search,False,,24,1
85,random_20pct_disclosure,True,1.4771376593438688,34,1
85,price_guided_oracle,True,1.0,56,4
85,full_private_disclosure,True,1.0,76,1
86,public_profile_search,False,,24,1
86,random_20pct_disclosure,True,1.7757573634772177,33,1
86,price_guided_oracle,True,0.9999999999999997,54,3
86,full_private_disclosure,True,1.0,71,1
87,public_profile_search,False,,24,1
87,random_20pct_disclosure,True,1.621801573005486,35,1
87,price_guided_oracle,True,1.000000000000001,53,3
87,full_private_disclosure,True,1.0,80,1
88,public_profile_search,False,,24,1
88,random_20pct_disclosure,True,1.5629604508473083,34,1
88,price_guided_oracle,True,1.0,53,4
88,full_private_disclosure,True,1.0,77,1
89,public_profile_search,False,,24,1
89,random_20pct_disclosure,True,1.3265800584607947,36,1
89,price_guided_oracle,True,1.0,57,3
89,full_private_disclosure,True,1.0,85,1
90,public_profile_search,False,,24,1
90,random_20pct_disclosure,True,1.6552578414386803,34,1
90,price_guided_oracle,True,1.0,54,3
90,full_private_disclosure,True,1.0,77,1
91,public_profile_search,False,,24,1
91,random_20pct_disclosure,True,2.2286178945481194,34,1
91,price_guided_oracle,True,0.9999999999999997,51,4
91,full_private_disclosure,True,1.0,76,1
92,public_profile_search,False,,24,1
92,random_20pct_disclosure,True,1.875594254264215,34,1
92,price_guided_oracle,True,1.0,52,4
92,full_private_disclosure,True,1.0,78,1
93,public_profile_search,False,,24,1
93,random_20pct_disclosure,True,2.499854513880399,34,1
93,price_guided_oracle,True,1.0000000000000002,52,4
93,full_private_disclosure,True,1.0,78,1
94,public_profile_search,False,,24,1
94,random_20pct_disclosure,True,2.3065889142135303,34,1
94,price_guided_oracle,True,1.0,55,4
94,full_private_disclosure,True,1.0,76,1
95,public_profile_search,False,,24,1
95,random_20pct_disclosure,True,1.3828513862218863,35,1
95,price_guided_oracle,True,1.0060570661804398,52,3
95,full_private_disclosure,True,1.0,83,1
96,public_profile_search,False,,24,1
96,random_20pct_disclosure,True,1.8629571756537795,34,1
96,price_guided_oracle,True,1.0,55,3
96,full_private_disclosure,True,1.0,78,1
97,public_profile_search,False,,24,1
97,random_20pct_disclosure,True,1.6852042341442066,35,1
97,price_guided_oracle,True,1.0,56,3
97,full_private_disclosure,True,1.0,80,1
98,public_profile_search,False,,24,1
98,random_20pct_disclosure,True,1.7254939994155107,33,1
98,price_guided_oracle,True,0.9999999999999997,46,3
98,full_private_disclosure,True,1.0,73,1
99,public_profile_search,False,,24,1
99,random_20pct_disclosure,False,,33,1
99,price_guided_oracle,True,1.0,55,3
99,full_private_disclosure,True,1.0,69,1
100,public_profile_search,False,,24,1
100,random_20pct_disclosure,False,,33,1
100,price_guided_oracle,True,1.0,51,3
100,full_private_disclosure,True,1.0,73,1
101,public_profile_search,False,,24,1
101,random_20pct_disclosure,True,1.288683875682106,36,1
101,price_guided_oracle,True,1.0394400649441358,52,4
101,full_private_disclosure,True,1.0,85,1
102,public_profile_search,False,,24,1
102,random_20pct_disclosure,True,1.3454740763193034,33,1
102,price_guided_oracle,True,1.0,52,3
102,full_private_disclosure,True,1.0,73,1
103,public_profile_search,False,,24,1
103,random_20pct_disclosure,True,1.8914953392093086,34,1
103,price_guided_oracle,True,1.0,54,3
103,full_private_disclosure,True,1.0,75,1
104,public_profile_search,False,,24,1
104,random_20pct_disclosure,True,1.4132073795006967,35,1
104,price_guided_oracle,True,0.999999999999999,53,4
104,full_private_disclosure,True,1.0,79,1
105,public_profile_search,False,,24,1
105,random_20pct_disclosure,True,1.87876816694481,35,1
105,price_guided_oracle,True,1.0,53,4
105,full_private_disclosure,True,1.0,83,1
106,public_profile_search,False,,24,1
106,random_20pct_disclosure,True,2.7220592597064583,33,1
106,price_guided_oracle,True,1.0,47,3
106,full_private_disclosure,True,1.0,71,1
107,public_profile_search,False,,24,1
107,random_20pct_disclosure,True,1.3396411553496448,33,1
107,price_guided_oracle,True,1.0,54,4
107,full_private_disclosure,True,1.0,72,1
108,public_profile_search,False,,24,1
108,random_20pct_disclosure,True,1.5642949007120857,35,1
108,price_guided_oracle,True,1.0,57,4
108,full_private_disclosure,True,1.0,81,1
109,public_profile_search,False,,24,1
109,random_20pct_disclosure,True,2.0532468900859318,33,1
109,price_guided_oracle,True,1.0,50,3
109,full_private_disclosure,True,1.0,70,1
110,public_profile_search,False,,24,1
110,random_20pct_disclosure,False,,32,1
110,price_guided_oracle,True,1.0,53,4
110,full_private_disclosure,True,1.0,68,1
111,public_profile_search,False,,24,1
111,random_20pct_disclosure,True,2.6664986815918175,34,1
111,price_guided_oracle,True,1.0,52,3
111,full_private_disclosure,True,1.0,77,1
112,public_profile_search,False,,24,1
112,random_20pct_disclosure,True,1.7244965119942677,34,1
112,price_guided_oracle,True,1.0,51,3
112,full_private_disclosure,True,1.0,74,1
113,public_profile_search,False,,24,1
113,random_20pct_disclosure,False,,34,1
113,price_guided_oracle,True,1.0,47,2
113,full_private_disclosure,True,1.0,76,1
114,public_profile_search,False,,24,1
114,random_20pct_disclosure,True,2.233350107934823,34,1
114,price_guided_oracle,True,1.0,56,4
114,full_private_disclosure,True,1.0,75,1
115,public_profile_search,False,,24,1
115,random_20pct_disclosure,True,1.1839951937100008,33,1
115,price_guided_oracle,True,1.0,52,5
115,full_private_disclosure,True,1.0,73,1
116,public_profile_search,False,,24,1
116,random_20pct_disclosure,True,1.8379899860626658,34,1
116,price_guided_oracle,True,1.0,51,4
116,full_private_disclosure,True,1.0,77,1
117,public_profile_search,False,,24,1
117,random_20pct_disclosure,True,1.9952337820714061,35,1
117,price_guided_oracle,True,1.0,54,4
117,full_private_disclosure,True,1.0,81,1
118,public_profile_search,False,,24,1
118,random_20pct_disclosure,True,2.0039693792031703,33,1
118,price_guided_oracle,True,1.0,52,4
118,full_private_disclosure,True,1.0,71,1
119,public_profile_search,False,,24,1
119,random_20pct_disclosure,True,2.7413855121146438,33,1
119,price_guided_oracle,True,0.9999999999999999,52,3
119,full_private_disclosure,True,1.0,72,1
120,public_profile_search,False,,24,1
120,random_20pct_disclosure,True,3.751630890648644,34,1
120,price_guided_oracle,True,1.0,53,4
120,full_private_disclosure,True,1.0,78,1
121,public_profile_search,False,,24,1
121,random_20pct_disclosure,True,1.6311088278722572,33,1
121,price_guided_oracle,True,1.0000000000000009,49,3
121,full_private_disclosure,True,1.0,72,1
122,public_profile_search,False,,24,1
122,random_20pct_disclosure,False,,33,1
122,price_guided_oracle,True,1.0,55,5
122,full_private_disclosure,True,1.0,70,1
123,public_profile_search,False,,24,1
123,random_20pct_disclosure,True,1.9945320295538467,35,1
123,price_guided_oracle,True,1.0000000000000002,56,4
123,full_private_disclosure,True,1.0,80,1
124,public_profile_search,False,,24,1
124,random_20pct_disclosure,True,1.7020082203068645,33,1
124,price_guided_oracle,True,1.0,51,5
124,full_private_disclosure,True,1.0,71,1
125,public_profile_search,False,,24,1
125,random_20pct_disclosure,True,1.258796341172494,34,1
125,price_guided_oracle,True,1.0,52,5
125,full_private_disclosure,True,1.0,76,1
126,public_profile_search,False,,24,1
126,random_20pct_disclosure,True,2.268084608091932,32,1
126,price_guided_oracle,True,1.0000000000000002,53,5
126,full_private_disclosure,True,1.0,68,1
127,public_profile_search,False,,24,1
127,random_20pct_disclosure,True,1.8066736527053584,34,1
127,price_guided_oracle,True,1.0,55,4
127,full_private_disclosure,True,1.0,77,1
128,public_profile_search,False,,24,1
128,random_20pct_disclosure,True,2.1853606054312293,34,1
128,price_guided_oracle,True,1.0,45,3
128,full_private_disclosure,True,1.0,74,1
129,public_profile_search,False,,24,1
129,random_20pct_disclosure,True,1.8667975957973835,34,1
129,price_guided_oracle,True,1.0000000000000007,53,3
129,full_private_disclosure,True,1.0,75,1
130,public_profile_search,False,,24,1
130,random_20pct_disclosure,True,1.3300928675630814,35,1
130,price_guided_oracle,True,1.0111000363661042,57,4
130,full_private_disclosure,True,1.0,83,1
131,public_profile_search,False,,24,1
131,random_20pct_disclosure,False,,34,1
131,price_guided_oracle,True,1.0000000000000009,56,4
131,full_private_disclosure,True,1.0,78,1
132,public_profile_search,True,3.138120642939719,24,1
132,random_20pct_disclosure,True,1.4313515972036959,35,1
132,price_guided_oracle,True,1.0,51,4
132,full_private_disclosure,True,1.0,80,1
133,public_profile_search,False,,24,1
133,random_20pct_disclosure,True,1.4659957504287324,34,1
133,price_guided_oracle,True,1.0000000000000002,60,3
133,full_private_disclosure,True,1.0,74,1
134,public_profile_search,False,,24,1
134,random_20pct_disclosure,True,2.0647376227685337,34,1
134,price_guided_oracle,True,1.0,54,4
134,full_private_disclosure,True,1.0,76,1
135,public_profile_search,False,,24,1
135,random_20pct_disclosure,False,,34,1
135,price_guided_oracle,True,1.0000000000000002,56,4
135,full_private_disclosure,True,1.0,74,1
136,public_profile_search,False,,24,1
136,random_20pct_disclosure,True,1.4197860112784835,33,1
136,price_guided_oracle,True,1.0,51,4
136,full_private_disclosure,True,1.0,72,1
137,public_profile_search,False,,24,1
137,random_20pct_disclosure,True,1.8410139855085357,33,1
137,price_guided_oracle,True,1.0,51,4
137,full_private_disclosure,True,1.0,70,1
138,public_profile_search,False,,24,1
138,random_20pct_disclosure,True,1.4171971208853547,34,1
138,price_guided_oracle,True,1.0028965890755213,54,3
138,full_private_disclosure,True,1.0,75,1
139,public_profile_search,False,,24,1
139,random_20pct_disclosure,True,2.106736070392337,34,1
139,price_guided_oracle,True,1.0,50,3
139,full_private_disclosure,True,1.0,75,1
140,public_profile_search,False,,24,1
140,random_20pct_disclosure,True,1.3916772902303916,35,1
140,price_guided_oracle,True,1.0,54,4
140,full_private_disclosure,True,1.0,80,1
141,public_profile_search,False,,24,1
141,random_20pct_disclosure,True,1.7748119238284936,33,1
141,price_guided_oracle,True,1.0,55,3
141,full_private_disclosure,True,1.0,72,1
142,public_profile_search,False,,24,1
142,random_20pct_disclosure,True,1.6351229980763866,34,1
142,price_guided_oracle,True,0.9999999999999998,56,4
142,full_private_disclosure,True,1.0,77,1
143,public_profile_search,False,,24,1
143,random_20pct_disclosure,True,1.1137956337116595,34,1
143,price_guided_oracle,True,1.0,52,3
143,full_private_disclosure,True,1.0,74,1
144,public_profile_search,False,,24,1
144,random_20pct_disclosure,True,1.4036005282039135,33,1
144,price_guided_oracle,True,1.0,50,4
144,full_private_disclosure,True,1.0,72,1
145,public_profile_search,False,,24,1
145,random_20pct_disclosure,True,1.31523935340142,34,1
145,price_guided_oracle,True,1.0000000000000002,57,4
145,full_private_disclosure,True,1.0,78,1
146,public_profile_search,False,,24,1
146,random_20pct_disclosure,True,1.6509594956281004,34,1
146,price_guided_oracle,True,1.0,58,4
146,full_private_disclosure,True,1.0,78,1
147,public_profile_search,False,,24,1
147,random_20pct_disclosure,True,1.6215441745498613,35,1
147,price_guided_oracle,True,1.0000000000000002,53,4
147,full_private_disclosure,True,1.0,82,1
148,public_profile_search,False,,24,1
148,random_20pct_disclosure,True,2.1115463626091158,34,1
148,price_guided_oracle,True,1.0,53,3
148,full_private_disclosure,True,1.0,77,1
149,public_profile_search,False,,24,1
149,random_20pct_disclosure,True,1.4246429932119504,35,1
149,price_guided_oracle,True,1.0,54,3
149,full_private_disclosure,True,1.0,81,1
150,public_profile_search,False,,24,1
150,random_20pct_disclosure,True,1.7631878022045715,33,1
150,price_guided_oracle,True,1.0,47,3
150,full_private_disclosure,True,1.0,73,1
151,public_profile_search,False,,24,1
151,random_20pct_disclosure,True,1.7232625090812408,35,1
151,price_guided_oracle,True,0.999999999999996,54,3
151,full_private_disclosure,True,1.0,81,1
152,public_profile_search,False,,24,1
152,random_20pct_disclosure,True,1.5623157667425065,35,1
152,price_guided_oracle,True,1.0,57,4
152,full_private_disclosure,True,1.0,80,1
153,public_profile_search,False,,24,1
153,random_20pct_disclosure,True,1.2633404286957703,34,1
153,price_guided_oracle,True,1.0,59,5
153,full_private_disclosure,True,1.0,75,1
154,public_profile_search,False,,24,1
154,random_20pct_disclosure,False,,33,1
154,price_guided_oracle,True,0.9999999999999999,54,4
154,full_private_disclosure,True,1.0,73,1
155,public_profile_search,False,,24,1
155,random_20pct_disclosure,False,,34,1
155,price_guided_oracle,True,1.0,54,4
155,full_private_disclosure,True,1.0,76,1
156,public_profile_search,False,,24,1
156,random_20pct_disclosure,True,1.8668504252855695,34,1
156,price_guided_oracle,True,1.0000000000000002,52,4
156,full_private_disclosure,True,1.0,76,1
157,public_profile_search,False,,24,1
157,random_20pct_disclosure,True,1.9657070827362277,33,1
157,price_guided_oracle,True,1.0,52,3
157,full_private_disclosure,True,1.0,70,1
158,public_profile_search,False,,24,1
158,random_20pct_disclosure,True,2.2823323891842353,33,1
158,price_guided_oracle,True,1.0,55,4
158,full_private_disclosure,True,1.0,71,1
159,public_profile_search,False,,24,1
159,random_20pct_disclosure,True,1.436783999434697,34,1
159,price_guided_oracle,True,1.0,56,5
159,full_private_disclosure,True,1.0,75,1
160,public_profile_search,False,,24,1
160,random_20pct_disclosure,True,1.907225372129425,35,1
160,price_guided_oracle,True,1.0,55,4
160,full_private_disclosure,True,1.0,79,1
161,public_profile_search,False,,24,1
161,random_20pct_disclosure,True,2.4266737031337002,34,1
161,price_guided_oracle,True,1.0,48,3
161,full_private_disclosure,True,1.0,75,1
162,public_profile_search,False,,24,1
162,random_20pct_disclosure,True,1.9605608923975857,34,1
162,price_guided_oracle,True,1.0,48,3
162,full_private_disclosure,True,1.0,77,1
163,public_profile_search,True,2.4953436212642353,24,1
163,random_20pct_disclosure,True,1.7075416534243784,33,1
163,price_guided_oracle,True,1.0,54,5
163,full_private_disclosure,True,1.0,70,1
164,public_profile_search,False,,24,1
164,random_20pct_disclosure,True,1.179766318475978,34,1
164,price_guided_oracle,True,1.0000000000000004,49,4
164,full_private_disclosure,True,1.0,78,1
165,public_profile_search,False,,24,1
165,random_20pct_disclosure,True,1.7887861043210838,34,1
165,price_guided_oracle,True,1.0,52,4
165,full_private_disclosure,True,1.0,77,1
166,public_profile_search,False,,24,1
166,random_20pct_disclosure,True,1.1280775571237367,33,1
166,price_guided_oracle,True,1.0,54,3
166,full_private_disclosure,True,1.0,73,1
167,public_profile_search,False,,24,1
167,random_20pct_disclosure,True,1.5313005372764774,33,1
167,price_guided_oracle,True,0.9999999999999999,52,5
167,full_private_disclosure,True,1.0,71,1
168,public_profile_search,False,,24,1
168,random_20pct_disclosure,True,1.713585385938876,34,1
168,price_guided_oracle,True,1.0,59,5
168,full_private_disclosure,True,1.0,78,1
169,public_profile_search,False,,24,1
169,random_20pct_disclosure,True,2.095405831984263,34,1
169,price_guided_oracle,True,1.0,55,3
169,full_private_disclosure,True,1.0,77,1
170,public_profile_search,False,,24,1
170,random_20pct_disclosure,True,1.8805061235211935,32,1
170,price_guided_oracle,True,1.0000000000000002,55,4
170,full_private_disclosure,True,1.0,67,1
171,public_profile_search,False,,24,1
171,random_20pct_disclosure,True,1.6224570626011467,34,1
171,price_guided_oracle,True,0.9999999999999998,51,3
171,full_private_disclosure,True,1.0,75,1
172,public_profile_search,False,,24,1
172,random_20pct_disclosure,True,1.5782763841586003,34,1
172,price_guided_oracle,True,1.0,52,3
172,full_private_disclosure,True,1.0,75,1
173,public_profile_search,False,,24,1
173,random_20pct_disclosure,False,,35,1
173,price_guided_oracle,True,1.0,57,4
173,full_private_disclosure,True,1.0,80,1
174,public_profile_search,False,,24,1
174,random_20pct_disclosure,True,1.559794961723282,35,1
174,price_guided_oracle,True,1.0,51,3
174,full_private_disclosure,True,1.0,81,1
175,public_profile_search,False,,24,1
175,random_20pct_disclosure,True,2.3274564885663853,34,1
175,price_guided_oracle,True,1.0,54,5
175,full_private_disclosure,True,1.0,77,1
176,public_profile_search,False,,24,1
176,random_20pct_disclosure,True,1.4247423335547793,35,1
176,price_guided_oracle,True,1.0,55,4
176,full_private_disclosure,True,1.0,79,1
177,public_profile_search,False,,24,1
177,random_20pct_disclosure,True,1.2842814880201898,32,1
177,price_guided_oracle,True,1.0,51,3
177,full_private_disclosure,True,1.0,64,1
178,public_profile_search,False,,24,1
178,random_20pct_disclosure,True,1.8087825630869194,33,1
178,price_guided_oracle,True,1.0,53,4
178,full_private_disclosure,True,1.0,72,1
179,public_profile_search,False,,24,1
179,random_20pct_disclosure,False,,34,1
179,price_guided_oracle,True,1.0,48,2
179,full_private_disclosure,True,1.0,75,1
180,public_profile_search,False,,24,1
180,random_20pct_disclosure,True,2.0237200579450647,35,1
180,price_guided_oracle,True,1.0000000000000002,56,3
180,full_private_disclosure,True,1.0,79,1
181,public_profile_search,False,,24,1
181,random_20pct_disclosure,True,1.6193340723380487,34,1
181,price_guided_oracle,True,1.0,53,4
181,full_private_disclosure,True,1.0,74,1
182,public_profile_search,False,,24,1
182,random_20pct_disclosure,True,2.6989686641633543,34,1
182,price_guided_oracle,True,1.0,54,3
182,full_private_disclosure,True,1.0,77,1
183,public_profile_search,False,,24,1
183,random_20pct_disclosure,True,1.7144625783063208,34,1
183,price_guided_oracle,True,1.0,55,6
183,full_private_disclosure,True,1.0,74,1
184,public_profile_search,False,,24,1
184,random_20pct_disclosure,True,2.0671905212082455,34,1
184,price_guided_oracle,True,1.0,51,3
184,full_private_disclosure,True,1.0,75,1
185,public_profile_search,False,,24,1
185,random_20pct_disclosure,True,1.7019657803958115,34,1
185,price_guided_oracle,True,1.0,47,3
185,full_private_disclosure,True,1.0,76,1
186,public_profile_search,False,,24,1
186,random_20pct_disclosure,True,1.5644917220383554,33,1
186,price_guided_oracle,True,1.0,47,4
186,full_private_disclosure,True,1.0,73,1
187,public_profile_search,False,,24,1
187,random_20pct_disclosure,False,,35,1
187,price_guided_oracle,True,0.9999999999999998,53,4
187,full_private_disclosure,True,1.0,79,1
188,public_profile_search,False,,24,1
188,random_20pct_disclosure,True,2.027172217705,34,1
188,price_guided_oracle,True,1.0000000000000002,54,4
188,full_private_disclosure,True,1.0,75,1
189,public_profile_search,False,,24,1
189,random_20pct_disclosure,True,1.8135825523742977,33,1
189,price_guided_oracle,True,0.9999999999999994,56,4
189,full_private_disclosure,True,1.0,73,1
190,public_profile_search,False,,24,1
190,random_20pct_disclosure,True,1.4663955632978902,33,1
190,price_guided_oracle,True,1.0,51,4
190,full_private_disclosure,True,1.0,73,1
191,public_profile_search,False,,24,1
191,random_20pct_disclosure,True,1.6568845776055359,34,1
191,price_guided_oracle,True,1.0,51,3
191,full_private_disclosure,True,1.0,78,1
192,public_profile_search,False,,24,1
192,random_20pct_disclosure,True,1.6584915016158615,34,1
192,price_guided_oracle,True,1.0,53,4
192,full_private_disclosure,True,1.0,74,1
193,public_profile_search,False,,24,1
193,random_20pct_disclosure,False,,34,1
193,price_guided_oracle,True,1.0,54,3
193,full_private_disclosure,True,1.0,77,1
194,public_profile_search,False,,24,1
194,random_20pct_disclosure,True,1.835536168790432,34,1
194,price_guided_oracle,True,0.9999999999999997,52,4
194,full_private_disclosure,True,1.0,74,1
195,public_profile_search,False,,24,1
195,random_20pct_disclosure,True,1.765377074935536,36,1
195,price_guided_oracle,True,1.0,58,4
195,full_private_disclosure,True,1.0,86,1
196,public_profile_search,False,,24,1
196,random_20pct_disclosure,True,1.8417401694581128,34,1
196,price_guided_oracle,True,1.0,54,4
196,full_private_disclosure,True,1.0,74,1
197,public_profile_search,False,,24,1
197,random_20pct_disclosure,True,1.5427562593872661,35,1
197,price_guided_oracle,True,1.0000000000000002,50,4
197,full_private_disclosure,True,1.0,82,1
198,public_profile_search,False,,24,1
198,random_20pct_disclosure,True,1.7178210651997219,34,1
198,price_guided_oracle,True,0.9999999999999999,50,3
198,full_private_disclosure,True,1.0,78,1
199,public_profile_search,False,,24,1
199,random_20pct_disclosure,True,1.6361099808983652,34,1
199,price_guided_oracle,True,1.0,52,4
199,full_private_disclosure,True,1.0,75,1
200,public_profile_search,False,,24,1
200,random_20pct_disclosure,True,1.9456144706692455,35,1
200,price_guided_oracle,True,1.0,59,4
200,full_private_disclosure,True,1.0,79,1
201,public_profile_search,False,,24,1
201,random_20pct_disclosure,True,2.245784283765078,35,1
201,price_guided_oracle,True,1.0,56,4
201,full_private_disclosure,True,1.0,81,1
202,public_profile_search,False,,24,1
202,random_20pct_disclosure,True,2.2607292992278416,35,1
202,price_guided_oracle,True,1.001980573364732,49,3
202,full_private_disclosure,True,1.0,82,1
203,public_profile_search,False,,24,1
203,random_20pct_disclosure,True,1.7770329083914336,34,1
203,price_guided_oracle,True,1.0,52,4
203,full_private_disclosure,True,1.0,74,1
204,public_profile_search,False,,24,1
204,random_20pct_disclosure,True,1.802508045616617,34,1
204,price_guided_oracle,True,1.0,46,3
204,full_private_disclosure,True,1.0,74,1
205,public_profile_search,False,,24,1
205,random_20pct_disclosure,True,2.2716697151403156,34,1
205,price_guided_oracle,True,0.9999999999999999,53,4
205,full_private_disclosure,True,1.0,76,1
206,public_profile_search,False,,24,1
206,random_20pct_disclosure,False,,34,1
206,price_guided_oracle,True,1.0,48,4
206,full_private_disclosure,True,1.0,75,1
207,public_profile_search,False,,24,1
207,random_20pct_disclosure,True,2.349189405401438,34,1
207,price_guided_oracle,True,1.0,57,3
207,full_private_disclosure,True,1.0,76,1
208,public_profile_search,False,,24,1
208,random_20pct_disclosure,True,1.4750940692186771,33,1
208,price_guided_oracle,True,1.0,49,3
208,full_private_disclosure,True,1.0,72,1
209,public_profile_search,False,,24,1
209,random_20pct_disclosure,True,2.042356484251988,33,1
209,price_guided_oracle,True,1.0,51,4
209,full_private_disclosure,True,1.0,73,1
210,public_profile_search,False,,24,1
210,random_20pct_disclosure,True,2.2286032631929578,35,1
210,price_guided_oracle,True,1.0,55,4
210,full_private_disclosure,True,1.0,81,1
211,public_profile_search,False,,24,1
211,random_20pct_disclosure,True,1.8451613233723647,33,1
211,price_guided_oracle,True,1.0,53,3
211,full_private_disclosure,True,1.0,72,1
212,public_profile_search,False,,24,1
212,random_20pct_disclosure,True,2.706851196492739,34,1
212,price_guided_oracle,True,1.0,50,3
212,full_private_disclosure,True,1.0,77,1
213,public_profile_search,False,,24,1
213,random_20pct_disclosure,True,1.3788623030129281,35,1
213,price_guided_oracle,True,1.0,56,5
213,full_private_disclosure,True,1.0,79,1
214,public_profile_search,False,,24,1
214,random_20pct_disclosure,True,2.371868520750068,35,1
214,price_guided_oracle,True,1.0,54,3
214,full_private_disclosure,True,1.0,81,1
215,public_profile_search,False,,24,1
215,random_20pct_disclosure,True,1.7925338254148608,33,1
215,price_guided_oracle,True,1.0,48,4
215,full_private_disclosure,True,1.0,72,1
216,public_profile_search,False,,24,1
216,random_20pct_disclosure,True,1.9667519094304513,33,1
216,price_guided_oracle,True,1.0000000000000002,50,3
216,full_private_disclosure,True,1.0,72,1
217,public_profile_search,False,,24,1
217,random_20pct_disclosure,True,1.729013317072144,33,1
217,price_guided_oracle,True,1.0,57,4
217,full_private_disclosure,True,1.0,72,1
218,public_profile_search,False,,24,1
218,random_20pct_disclosure,False,,34,1
218,price_guided_oracle,True,1.0,54,3
218,full_private_disclosure,True,1.0,78,1
219,public_profile_search,False,,24,1
219,random_20pct_disclosure,True,1.5499477773025467,34,1
219,price_guided_oracle,True,1.0,51,3
219,full_private_disclosure,True,1.0,75,1
220,public_profile_search,False,,24,1
220,random_20pct_disclosure,True,1.6318897268201968,34,1
220,price_guided_oracle,True,1.0,55,4
220,full_private_disclosure,True,1.0,76,1
221,public_profile_search,False,,24,1
221,random_20pct_disclosure,False,,34,1
221,price_guided_oracle,True,0.9999999999999999,51,3
221,full_private_disclosure,True,1.0,78,1
222,public_profile_search,False,,24,1
222,random_20pct_disclosure,True,2.052417955737095,34,1
222,price_guided_oracle,True,1.0,59,4
222,full_private_disclosure,True,1.0,75,1
223,public_profile_search,False,,24,1
223,random_20pct_disclosure,True,2.2482322393550414,34,1
223,price_guided_oracle,True,1.0,56,4
223,full_private_disclosure,True,1.0,75,1
224,public_profile_search,False,,24,1
224,random_20pct_disclosure,True,2.119579022310846,35,1
224,price_guided_oracle,True,1.0,56,4
224,full_private_disclosure,True,1.0,82,1
225,public_profile_search,False,,24,1
225,random_20pct_disclosure,True,1.8299822725230706,33,1
225,price_guided_oracle,True,1.0,57,4
225,full_private_disclosure,True,1.0,73,1
226,public_profile_search,False,,24,1
226,random_20pct_disclosure,True,1.2597498352490208,35,1
226,price_guided_oracle,True,1.0,54,4
226,full_private_disclosure,True,1.0,80,1
227,public_profile_search,False,,24,1
227,random_20pct_disclosure,True,2.18831461397666,32,1
227,price_guided_oracle,True,1.0000000000000002,49,3
227,full_private_disclosure,True,1.0,67,1
228,public_profile_search,False,,24,1
228,random_20pct_disclosure,True,1.3135827721381335,33,1
228,price_guided_oracle,True,1.000000000000002,51,3
228,full_private_disclosure,True,1.0,73,1
229,public_profile_search,False,,24,1
229,random_20pct_disclosure,True,1.9086117372698348,32,1
229,price_guided_oracle,True,1.0000000000000018,52,4
229,full_private_disclosure,True,1.0,68,1
230,public_profile_search,False,,24,1
230,random_20pct_disclosure,True,2.0819661533151876,34,1
230,price_guided_oracle,True,1.0,61,4
230,full_private_disclosure,True,1.0,75,1
231,public_profile_search,False,,24,1
231,random_20pct_disclosure,True,2.415306146702005,34,1
231,price_guided_oracle,True,1.0,54,4
231,full_private_disclosure,True,1.0,74,1
232,public_profile_search,False,,24,1
232,random_20pct_disclosure,True,2.44653604533583,35,1
232,price_guided_oracle,True,1.0,48,3
232,full_private_disclosure,True,1.0,80,1
233,public_profile_search,False,,24,1
233,random_20pct_disclosure,True,1.951784318754529,34,1
233,price_guided_oracle,True,1.0,50,3
233,full_private_disclosure,True,1.0,76,1
234,public_profile_search,False,,24,1
234,random_20pct_disclosure,False,,34,1
234,price_guided_oracle,True,0.9999999999999999,54,3
234,full_private_disclosure,True,1.0,77,1
235,public_profile_search,False,,24,1
235,random_20pct_disclosure,True,1.5368909916536677,34,1
235,price_guided_oracle,True,1.0,57,4
235,full_private_disclosure,True,1.0,76,1
236,public_profile_search,False,,24,1
236,random_20pct_disclosure,True,1.8624044436112774,34,1
236,price_guided_oracle,True,1.0,55,4
236,full_private_disclosure,True,1.0,76,1
237,public_profile_search,False,,24,1
237,random_20pct_disclosure,True,1.669751460966634,35,1
237,price_guided_oracle,True,1.0,54,3
237,full_private_disclosure,True,1.0,80,1
238,public_profile_search,False,,24,1
238,random_20pct_disclosure,True,1.500226598507168,35,1
238,price_guided_oracle,True,1.0,55,4
238,full_private_disclosure,True,1.0,80,1
239,public_profile_search,False,,24,1
239,random_20pct_disclosure,True,1.0218675866080225,35,1
239,price_guided_oracle,True,1.0,56,4
239,full_private_disclosure,True,1.0,80,1
240,public_profile_search,False,,24,1
240,random_20pct_disclosure,True,1.5349951627388199,33,1
240,price_guided_oracle,True,1.0,52,3
240,full_private_disclosure,True,1.0,69,1
241,public_profile_search,False,,24,1
241,random_20pct_disclosure,True,1.4904746730714842,35,1
241,price_guided_oracle,True,1.0,52,4
241,full_private_disclosure,True,1.0,80,1
242,public_profile_search,False,,24,1
242,random_20pct_disclosure,True,3.0685940762553034,33,1
242,price_guided_oracle,True,1.0,55,4
242,full_private_disclosure,True,1.0,72,1
243,public_profile_search,False,,24,1
243,random_20pct_disclosure,True,1.31996910578226,33,1
243,price_guided_oracle,True,1.0,52,5
243,full_private_disclosure,True,1.0,73,1
244,public_profile_search,False,,24,1
244,random_20pct_disclosure,True,2.2110789073593664,34,1
244,price_guided_oracle,True,1.0,54,4
244,full_private_disclosure,True,1.0,76,1
245,public_profile_search,False,,24,1
245,random_20pct_disclosure,True,1.46551141588444,34,1
245,price_guided_oracle,True,1.0,52,4
245,full_private_disclosure,True,1.0,74,1
246,public_profile_search,False,,24,1
246,random_20pct_disclosure,True,2.4571033465911194,32,1
246,price_guided_oracle,True,1.0,55,4
246,full_private_disclosure,True,1.0,68,1
247,public_profile_search,False,,24,1
247,random_20pct_disclosure,True,1.568086251818088,34,1
247,price_guided_oracle,True,0.9999999999999996,54,3
247,full_private_disclosure,True,1.0,76,1
248,public_profile_search,False,,24,1
248,random_20pct_disclosure,True,2.7242306713301034,34,1
248,price_guided_oracle,True,1.0,48,3
248,full_private_disclosure,True,1.0,78,1
249,public_profile_search,False,,24,1
249,random_20pct_disclosure,True,1.768713026801696,33,1
249,price_guided_oracle,True,1.0,52,3
249,full_private_disclosure,True,1.0,71,1
250,public_profile_search,False,,24,1
250,random_20pct_disclosure,True,1.615571218163054,34,1
250,price_guided_oracle,True,1.0,49,3
250,full_private_disclosure,True,1.0,76,1
251,public_profile_search,False,,24,1
251,random_20pct_disclosure,True,1.8530826215054077,34,1
251,price_guided_oracle,True,0.9999999999999999,53,4
251,full_private_disclosure,True,1.0,75,1
252,public_profile_search,False,,24,1
252,random_20pct_disclosure,True,1.6508755164342626,33,1
252,price_guided_oracle,True,1.0,50,4
252,full_private_disclosure,True,1.0,73,1
253,public_profile_search,False,,24,1
253,random_20pct_disclosure,True,1.658638053506098,32,1
253,price_guided_oracle,True,1.0007428359710437,49,3
253,full_private_disclosure,True,1.0,66,1
254,public_profile_search,False,,24,1
254,random_20pct_disclosure,True,1.664504282116812,34,1
254,price_guided_oracle,True,0.9999999999999999,50,3
254,full_private_disclosure,True,1.0,76,1
255,public_profile_search,False,,24,1
255,random_20pct_disclosure,True,1.4645152985489054,35,1
255,price_guided_oracle,True,1.0,55,4
255,full_private_disclosure,True,1.0,81,1
256,public_profile_search,False,,24,1
256,random_20pct_disclosure,True,2.1793873042992544,35,1
256,price_guided_oracle,True,1.0,58,4
256,full_private_disclosure,True,1.0,83,1
257,public_profile_search,False,,24,1
257,random_20pct_disclosure,True,1.5088798087227215,34,1
257,price_guided_oracle,True,1.0,57,5
257,full_private_disclosure,True,1.0,75,1
258,public_profile_search,False,,24,1
258,random_20pct_disclosure,True,1.3824715098658165,35,1
258,price_guided_oracle,True,1.0,51,3
258,full_private_disclosure,True,1.0,81,1
259,public_profile_search,False,,24,1
259,random_20pct_disclosure,True,2.0452841491385647,33,1
259,price_guided_oracle,True,1.0,49,3
259,full_private_disclosure,True,1.0,70,1
260,public_profile_search,False,,24,1
260,random_20pct_disclosure,True,3.038880284784012,33,1
260,price_guided_oracle,True,1.0,49,4
260,full_private_disclosure,True,1.0,73,1
261,public_profile_search,False,,24,1
261,random_20pct_disclosure,True,1.7343116935184426,33,1
261,price_guided_oracle,True,1.0,52,3
261,full_private_disclosure,True,1.0,71,1
262,public_profile_search,False,,24,1
262,random_20pct_disclosure,True,2.3109554391756273,33,1
262,price_guided_oracle,True,0.9999999999999994,50,3
262,full_private_disclosure,True,1.0,69,1
263,public_profile_search,False,,24,1
263,random_20pct_disclosure,True,1.9623498873756031,35,1
263,price_guided_oracle,True,0.9999999999999994,56,3
263,full_private_disclosure,True,1.0,80,1
264,public_profile_search,False,,24,1
264,random_20pct_disclosure,True,1.490525212834293,34,1
264,price_guided_oracle,True,1.0,48,3
264,full_private_disclosure,True,1.0,77,1
265,public_profile_search,False,,24,1
265,random_20pct_disclosure,True,1.725823522894471,34,1
265,price_guided_oracle,True,1.0,59,5
265,full_private_disclosure,True,1.0,76,1
266,public_profile_search,False,,24,1
266,random_20pct_disclosure,True,1.98110955224191,34,1
266,price_guided_oracle,True,1.0,55,4
266,full_private_disclosure,True,1.0,78,1
267,public_profile_search,False,,24,1
267,random_20pct_disclosure,True,2.084154460175661,33,1
267,price_guided_oracle,True,1.0000000000000002,51,3
267,full_private_disclosure,True,1.0,73,1
268,public_profile_search,False,,24,1
268,random_20pct_disclosure,True,1.3828091820941015,33,1
268,price_guided_oracle,True,1.0,53,4
268,full_private_disclosure,True,1.0,69,1
269,public_profile_search,False,,24,1
269,random_20pct_disclosure,True,1.6121924179148985,35,1
269,price_guided_oracle,True,1.0000000000000007,50,4
269,full_private_disclosure,True,1.0,79,1
270,public_profile_search,False,,24,1
270,random_20pct_disclosure,False,,33,1
270,price_guided_oracle,True,1.0,51,4
270,full_private_disclosure,True,1.0,70,1
271,public_profile_search,False,,24,1
271,random_20pct_disclosure,True,2.144200931501957,35,1
271,price_guided_oracle,True,1.0,55,4
271,full_private_disclosure,True,1.0,80,1
272,public_profile_search,False,,24,1
272,random_20pct_disclosure,True,1.8008463650490922,34,1
272,price_guided_oracle,True,1.0,56,4
272,full_private_disclosure,True,1.0,74,1
273,public_profile_search,False,,24,1
273,random_20pct_disclosure,True,1.9648076364734677,35,1
273,price_guided_oracle,True,1.0,53,3
273,full_private_disclosure,True,1.0,81,1
274,public_profile_search,False,,24,1
274,random_20pct_disclosure,True,1.5318872852167058,34,1
274,price_guided_oracle,True,1.0,55,4
274,full_private_disclosure,True,1.0,74,1
275,public_profile_search,False,,24,1
275,random_20pct_disclosure,True,2.2600926176921665,34,1
275,price_guided_oracle,True,0.9999999999999997,59,3
275,full_private_disclosure,True,1.0,74,1
276,public_profile_search,False,,24,1
276,random_20pct_disclosure,True,1.476836398433555,33,1
276,price_guided_oracle,True,1.0,54,4
276,full_private_disclosure,True,1.0,72,1
277,public_profile_search,False,,24,1
277,random_20pct_disclosure,True,1.6507302060062854,34,1
277,price_guided_oracle,True,1.0,49,4
277,full_private_disclosure,True,1.0,75,1
278,public_profile_search,False,,24,1
278,random_20pct_disclosure,True,1.160206847251581,34,1
278,price_guided_oracle,True,1.0,52,4
278,full_private_disclosure,True,1.0,78,1
279,public_profile_search,False,,24,1
279,random_20pct_disclosure,True,1.5721844300251668,33,1
279,price_guided_oracle,True,1.0,52,3
279,full_private_disclosure,True,1.0,72,1
280,public_profile_search,False,,24,1
280,random_20pct_disclosure,True,2.011648902193655,33,1
280,price_guided_oracle,True,1.0000000000000004,44,3
280,full_private_disclosure,True,1.0,70,1
281,public_profile_search,False,,24,1
281,random_20pct_disclosure,True,2.415855585374174,33,1
281,price_guided_oracle,True,1.0,51,4
281,full_private_disclosure,True,1.0,73,1
282,public_profile_search,False,,24,1
282,random_20pct_disclosure,True,1.9792360002544642,35,1
282,price_guided_oracle,True,1.0,55,5
282,full_private_disclosure,True,1.0,79,1
283,public_profile_search,False,,24,1
283,random_20pct_disclosure,True,2.048869469416258,33,1
283,price_guided_oracle,True,1.0,54,5
283,full_private_disclosure,True,1.0,72,1
284,public_profile_search,False,,24,1
284,random_20pct_disclosure,True,1.7041575664443538,34,1
284,price_guided_oracle,True,0.9999999999999997,51,4
284,full_private_disclosure,True,1.0,77,1
285,public_profile_search,True,2.563066648358419,24,1
285,random_20pct_disclosure,True,1.4192338297950482,34,1
285,price_guided_oracle,True,1.0,51,4
285,full_private_disclosure,True,1.0,75,1
286,public_profile_search,False,,24,1
286,random_20pct_disclosure,True,2.57989273315295,35,1
286,price_guided_oracle,True,0.9999999999999992,58,4
286,full_private_disclosure,True,1.0,80,1
287,public_profile_search,False,,24,1
287,random_20pct_disclosure,True,1.673455284484754,34,1
287,price_guided_oracle,True,1.0000000000000004,54,3
287,full_private_disclosure,True,1.0,75,1
288,public_profile_search,False,,24,1
288,random_20pct_disclosure,True,2.249771262074867,34,1
288,price_guided_oracle,True,1.0,55,3
288,full_private_disclosure,True,1.0,76,1
289,public_profile_search,False,,24,1
289,random_20pct_disclosure,True,1.5371274110856838,32,1
289,price_guided_oracle,True,1.0,51,4
289,full_private_disclosure,True,1.0,66,1
290,public_profile_search,False,,24,1
290,random_20pct_disclosure,True,2.332545451330182,33,1
290,price_guided_oracle,True,0.9999999999999999,49,3
290,full_private_disclosure,True,1.0,73,1
291,public_profile_search,False,,24,1
291,random_20pct_disclosure,True,1.8815956029430738,33,1
291,price_guided_oracle,True,1.0,52,4
291,full_private_disclosure,True,1.0,72,1
292,public_profile_search,False,,24,1
292,random_20pct_disclosure,True,2.0009963043768497,34,1
292,price_guided_oracle,True,1.0,50,3
292,full_private_disclosure,True,1.0,75,1
293,public_profile_search,False,,24,1
293,random_20pct_disclosure,True,1.4146592795952402,34,1
293,price_guided_oracle,True,1.0,58,5
293,full_private_disclosure,True,1.0,77,1
294,public_profile_search,False,,24,1
294,random_20pct_disclosure,True,1.2487064585183256,34,1
294,price_guided_oracle,True,1.0,58,5
294,full_private_disclosure,True,1.0,74,1
295,public_profile_search,False,,24,1
295,random_20pct_disclosure,True,2.170984051460369,33,1
295,price_guided_oracle,True,1.0,48,4
295,full_private_disclosure,True,1.0,70,1
296,public_profile_search,False,,24,1
296,random_20pct_disclosure,False,,33,1
296,price_guided_oracle,True,1.0,50,4
296,full_private_disclosure,True,1.0,73,1
297,public_profile_search,False,,24,1
297,random_20pct_disclosure,True,1.4574222487976405,34,1
297,price_guided_oracle,True,1.0000000000000002,53,4
297,full_private_disclosure,True,1.0,76,1
298,public_profile_search,False,,24,1
298,random_20pct_disclosure,True,2.3306160289517854,34,1
298,price_guided_oracle,True,1.0,53,3
298,full_private_disclosure,True,1.0,74,1
299,public_profile_search,False,,24,1
299,random_20pct_disclosure,True,1.8648325991653107,33,1
299,price_guided_oracle,True,1.0,50,4
299,full_private_disclosure,True,1.0,70,1
